<?xml version="1.0" encoding="utf-8"?>
<!DOCTYPE hibernate-mapping PUBLIC 
 "-//Hibernate/Hibernate Mapping DTD//EN"
"http://hibernate.sourceforge.net/hibernate-mapping-3.0.dtd">

<hibernate-mapping package="bd2.Muber.model">
	<class name="Driver" table="USER">
		<id name="idUser" column="USER_ID" type="long">
			<generator class="native" />
		</id>
		
		<property name="name" not-null="true" type="string" />
		<property name="password" type="string" />
		<property name="date" type="date" />
		<property name="license" type="string"/>
		
		<bag name="trips" inverse="false">
			<key column="idUser"></key>
			<one-to-many class="Trip" />
		</bag>
		
	</class>
</hibernate-mapping>