<?xml version="1.0" encoding="utf-8"?>
<!DOCTYPE hibernate-configuration SYSTEM "http://www.hibernate.org/dtd/hibernate-configuration-3.0.dtd">

<hibernate-configuration>
	<session-factory>
		<property name="hibernate.dialect">org.hibernate.dialect.MySQLDialect</property>
		<property name="hibernate.connection.driver_class">com.mysql.jdbc.Driver</property>

		<property name="hibernate.connection.url">jdbc:mysql://127.0.0.1:3306/grupo02</property>
		<property name="hibernate.connection.username">grupo02</property>
		<property name="hibernate.connection.password">grupo02</property>
		<property name="hibernate.current_session_context_class">thread</property>
        <property name="hbm2ddl.auto">update</property>
		
		<property name="hibernate.show_sql">false</property>
		<property name="hibernate.format_sql">true</property>

		<mapping resource="user.hbm.xml"/>
		<mapping resource="trip.hbm.xml"/>
		<mapping resource="muber.hbm.xml"/>
		<mapping resource="score.hbm.xml"/>
		
	</session-factory>
</hibernate-configuration>