<?xml version="1.0" encoding="utf-8"?>
<!DOCTYPE hibernate-mapping PUBLIC 
 "-//Hibernate/Hibernate Mapping DTD//EN"
"http://hibernate.sourceforge.net/hibernate-mapping-3.0.dtd">

<hibernate-mapping package="bd2.Muber.model">
	<class name="User" table="USER">
		<id name="idUser" column="USER_ID" type="long">
			<generator class="native" />
		</id>
		<discriminator column="tipoUsuario" type="string"/>
		
		<property name="name" not-null="true" type="string" />
		<property name="password" not-null="true" type="string" />
		<property name="fnac" not-null="true" type="date" />
		<subclass name="Passenger" discriminator-value="Passenger">
			<property name="credits" type="double"/>
		</subclass>
		
		<subclass name="Driver" discriminator-value="Drivers">
			<property name="license" type="string"/>
			<bag name="trips" inverse="false">
				<key column="idUser"></key>
				<one-to-many class="Trip" />
			</bag>
		</subclass>
		
	</class>
</hibernate-mapping>
