<beans xmlns="http://www.springframework.org/schema/beans"
	xmlns:xsi="http://www.w3.org/2001/XMLSchema-instance" xmlns:tx="http://www.springframework.org/schema/tx"
	xmlns:jdbc="http://www.springframework.org/schema/jdbc" xmlns:context="http://www.springframework.org/schema/context"
	xsi:schemaLocation="http://www.springframework.org/schema/beans
       http://www.springframework.org/schema/beans/spring-beans.xsd
       http://www.springframework.org/schema/tx 
       http://www.springframework.org/schema/tx/spring-tx-3.1.xsd 
       http://www.springframework.org/schema/jdbc 
       http://www.springframework.org/schema/jdbc/spring-jdbc.xsd
       http://www.springframework.org/schema/context
       http://www.springframework.org/schema/context/spring-context-3.0.xsd">


	<import resource="classpath:dataSource.xml" />
    <import resource="classpath:hibernate.cfg.xml" />


	<bean id="transactionManager"
		class="org.springframework.orm.hibernate5.HibernateTransactionManager">
		<property name="sessionFactory">
			<ref bean="sessionFactory" />
		</property>
	</bean>

	<bean id="contextApplicationContextProvider"
		class="bd2.Muber.util.Bd2ContextProvider">
	</bean>

	<bean id="pasajerosRepository"
		class="bd2.Muber.repositories.impl.HibernatePasajerosRepository">
		<property name="sessionFactory">
			<ref bean="sessionFactory" />
		</property>
	</bean>
	
	<bean id="conductoresRepository"
		class="bd2.Muber.repositories.impl.HibernateDriversRepository">
		<property name="sessionFactory">
			<ref bean="sessionFactory" />
		</property>
	</bean>
	
	<bean id="viajesRepository"
		class="bd2.Muber.repositories.impl.HibernateTripsRepository">
		<property name="sessionFactory">
			<ref bean="sessionFactory" />
		</property>
	</bean>

	<bean id="dtoFactory" class="bd2.Muber.dto.DTOFactory">
	</bean>


	<bean id="baseService" class="bd2.Muber.services.impl.BaseServiceImpl" abstract="true">
		<property name="pasajerosRepository">
			<ref bean="pasajerosRepository" />
		</property>
		<property name="tripsRepository">
			<ref bean="viajesRepository" />
		</property>
		<property name="driversRepository">
			<ref bean="conductoresRepository" />
		</property>
		<property name="dtoFactory">
			<ref bean="dtoFactory" />
		</property>
	</bean>
	
	<bean id="repositoryLocator" class="bd2.Muber.repositories.RepositoryLocator"
		factory-method="getInstance">
		<property name="pasajerosRepository">
			<ref bean="pasajerosRepository" />
		</property>
		<property name="tripsRepository">
			<ref bean="viajesRepository" />
		</property>
		<property name="driversRepository">
			<ref bean="conductoresRepository" />
		</property>
	</bean>
	
	<bean id="pasajerosServiceTarget" class="bd2.Muber.services.impl.PasajerosServiceImpl"
		parent="baseService">
	</bean>
	
	<bean id="conductoresServiceTarget" class="bd2.Muber.services.impl.DriversServiceImpl"
		parent="baseService">
	</bean>
	
	<bean id="viajesServiceTarget" class="bd2.Muber.services.impl.TripsServiceImpl"
		parent="baseService">
	</bean>
	
	<bean id="conductoresService"
		class="org.springframework.transaction.interceptor.TransactionProxyFactoryBean">
		<property name="transactionManager">
			<ref bean="transactionManager" />
		</property>
		<property name="target">
			<ref bean="conductoresServiceTarget" />
		</property>
		<property name="transactionAttributes">
			<props>
				<prop key="*">PROPAGATION_REQUIRED</prop>
			</props>
		</property>
	</bean>
	
	 
	<bean id="pasajerosService"
		class="org.springframework.transaction.interceptor.TransactionProxyFactoryBean">
		<property name="transactionManager">
			<ref bean="transactionManager" />
		</property>
		<property name="target">
			<ref bean="pasajerosServiceTarget" />
		</property>
		<property name="transactionAttributes">
			<props>
				<prop key="*">PROPAGATION_REQUIRED</prop>
			</props>
		</property>
	</bean>
	
	<bean id="viajesService"
		class="org.springframework.transaction.interceptor.TransactionProxyFactoryBean">
		<property name="transactionManager">
			<ref bean="transactionManager" />
		</property>
		<property name="target">
			<ref bean="viajesServiceTarget" />
		</property>
		<property name="transactionAttributes">
			<props>
				<prop key="*">PROPAGATION_REQUIRED</prop>
			</props>
		</property>
	</bean>
	
 
	<bean id="serviceLocator" class="bd2.Muber.services.ServiceLocator"
		factory-method="getInstance">
		<property name="pasajerosService">
			<ref bean="pasajerosService" />
		</property>
		<property name="driversService">
			<ref bean="conductoresService" />
		</property>

		<property name="tripsService">
			<ref bean="viajesService" />
		</property>

	</bean>
	
			
</beans>
	