<?xml version="1.0" encoding="UTF-8"?>
<beans xmlns="http://www.springframework.org/schema/beans"
	xmlns:xsi="http://www.w3.org/2001/XMLSchema-instance" xmlns:tx="http://www.springframework.org/schema/tx"
	xmlns:jdbc="http://www.springframework.org/schema/jdbc" xmlns:context="http://www.springframework.org/schema/context"
	xsi:schemaLocation="http://www.springframework.org/schema/beans
       http://www.springframework.org/schema/beans/spring-beans.xsd
       http://www.springframework.org/schema/tx 
       http://www.springframework.org/schema/tx/spring-tx-3.1.xsd 
       http://www.springframework.org/schema/jdbc 
       http://www.springframework.org/schema/jdbc/spring-jdbc.xsd
       http://www.springframework.org/schema/context
       http://www.springframework.org/schema/context/spring-context-3.0.xsd">



	<context:property-placeholder
		location="classpath:config_${spring.profiles.active}.properties" />


	<beans profile="dev,dev2">
		<bean id="dataSource" class="com.mchange.v2.c3p0.ComboPooledDataSource"
			destroy-method="close">
			<property name="driverClass">
				<value>${jdbc.driverClassName}</value>
			</property>
			<property name="jdbcUrl">
				<value>${jdbc.url}</value>
			</property>
			<property name="user">
				<value>${jdbc.username}</value>
			</property>
			<property name="password">
				<value>${jdbc.password}</value>
			</property>
			<property name="testConnectionOnCheckin">
				<value>true</value>
			</property>
			<property name="idleConnectionTestPeriod">
				<value>3600</value>
			</property>
		</bean>
	</beans>

</beans>