<?xml version="1.0" encoding="UTF-8"?>
<beans xmlns="http://www.springframework.org/schema/beans"
	xmlns:xsi="http://www.w3.org/2001/XMLSchema-instance" xmlns:tx="http://www.springframework.org/schema/tx"
	xsi:schemaLocation="http://www.springframework.org/schema/beans
http://www.springframework.org/schema/beans/spring-beans-2.5.xsd
http://www.springframework.org/schema/tx 
http://www.springframework.org/schema/tx/spring-tx-3.1.xsd ">

	<!-- SessionFactory de hibernate -->
	<bean id="sessionFactory"
		class="org.springframework.orm.hibernate5.LocalSessionFactoryBean">

		<property name="dataSource">
			<ref bean="dataSource" />
		</property>

		<property name="mappingResources">
			<list>
 				<value>bd2/Muber/model/user.hbm.xml</value>
 				<value>bd2/Muber/model/score.hbm.xml</value>
 				<value>bd2/Muber/model/trip.hbm.xml</value>
 				<value>bd2/Muber/model/muber.hbm.xml</value> 				
			</list>
		</property>
		<property name="hibernateProperties">
			<props>
				<prop key="hibernate.dialect">org.hibernate.dialect.MySQLDialect</prop>
				<prop key="hibernate.show_sql">false</prop>
				<prop key="hibernate.format_sql">true</prop>
				<prop key="hibernate.c3p0.idle_test_period">28680</prop>
			</props>
		</property>
	</bean>

</beans>		